<?xml version="1.0"?>
<pagescount>
	<html_total>18</html_total>
	<html_done>5</html_done>
	<images>148</images>
	<script>42</script>
	<css>12</css>
	<pdf/>
	<documents/>
	<excel/>
	<powerpoint/>
	<flash/>
	<audios/>
	<videos>1</videos>
	<xml/>
	<json/>
	<txt/>
	<autocad/>
	<fonts>16</fonts>
	<scraping_reload>1</scraping_reload>
	<is_pretty_url>false</is_pretty_url>
	<is_ebn>false</is_ebn>
	<email>amir.khan14290@gmail.com</email>
	<theme_name>WmdTheme480645</theme_name>
	<server_url_front_page>https://www6.waybackmachinedownloader.com/wdo/files/demo/oakter.com_amir.khan14290_gmail.com_xjaprkx7zn/</server_url_front_page>
	<no_www_url>oakter.com</no_www_url>
	<hosted_domain/>
	<original_archive_url>https://oakter.com/</original_archive_url>
	<final_archive_url>https://oakter.com/</final_archive_url>
	<front_page_code_date/>
	<total_urls_from_api/>
	<max_reached_live>false</max_reached_live>
	<scrape_other_captures>false</scrape_other_captures>
	<total_size>21132</total_size>
</pagescount>
